"Issue id","Issue Type","Summary","Description","Parent","Priority","Story Points","Sprint","Labels","Status"
"1","Epic","Project setup and SCRUM artifacts","Repo skeleton, backlog and sprint documentation.","","High","","","setup","To Do"
"2","Epic","Backend API (FastAPI + PostgreSQL)","CRUD REST API for categories, products, cart and orders with fake seed data.","","High","","","backend","To Do"
"3","Epic","Frontend (React)","Customer storefront and admin screens for the quick delivery platform.","","High","","","frontend","To Do"
"4","Epic","Containerisation (Docker)","Dockerfiles and docker-compose for the whole stack.","","High","","","docker","To Do"
"5","Epic","CI/CD (GitHub Actions + Jenkins)","Automated test, build, release and deploy pipelines.","","High","","","cicd","To Do"
"6","Epic","Monitoring (Prometheus + Grafana)","Metrics, scraping and dashboards for the backend.","","Medium","","","monitoring","To Do"
"7","Story","Create repository skeleton and .gitignore","As a developer I want a clean repo layout so that all components have a home.","1","High","3","QD Sprint 0","setup","To Do"
"8","Story","Write Jira backlog CSV and SCRUM docs","As a team I want the backlog and sprint plan documented so that work is traceable.","1","High","2","QD Sprint 0","setup,docs","To Do"
"9","Story","Define database models","As a developer I want Category, Product, CartItem, Order and OrderItem tables so that data can be stored in PostgreSQL.","2","High","3","QD Sprint 1","backend,db","To Do"
"10","Story","Category CRUD API","As an admin I want to create, read, update and delete categories so that products can be grouped.","2","High","3","QD Sprint 1","backend","To Do"
"11","Story","Product CRUD API with search","As an admin I want to manage products, and as a customer I want to search and filter them by name and category.","2","High","5","QD Sprint 1","backend","To Do"
"12","Story","Cart API","As a customer I want to add, update and remove items in my cart so that I can prepare an order.","2","High","3","QD Sprint 1","backend","To Do"
"13","Story","Fake checkout and order API","As a customer I want to place an order from my cart with a fake payment and see its status and a 10 minute delivery ETA.","2","High","5","QD Sprint 1","backend","To Do"
"14","Story","Seed fake data with Faker","As a developer I want sample categories and products so that the app is usable immediately.","2","Medium","2","QD Sprint 1","backend,data","To Do"
"15","Story","Backend unit tests","As a developer I want pytest tests for the API so that regressions are caught in CI.","2","High","3","QD Sprint 1","backend,testing","To Do"
"16","Story","Backend Dockerfile","As a developer I want the API containerised so that it runs the same everywhere.","2","Medium","2","QD Sprint 1","backend,docker","To Do"
"17","Story","React scaffold with routing","As a developer I want a Vite React app with routing and an API client so that pages can be built.","3","High","2","QD Sprint 2","frontend","To Do"
"18","Story","Product listing and search page","As a customer I want to browse and search products by category so that I can find items quickly.","3","High","5","QD Sprint 2","frontend","To Do"
"19","Story","Admin product and category management UI","As an admin I want forms to create, edit and delete products and categories.","3","High","5","QD Sprint 2","frontend","To Do"
"20","Story","Cart page","As a customer I want to view and edit my cart and see the total.","3","High","3","QD Sprint 2","frontend","To Do"
"21","Story","Checkout and orders page","As a customer I want to place a fake order and track its status with a 10 minute ETA.","3","High","5","QD Sprint 2","frontend","To Do"
"22","Story","Frontend Dockerfile with nginx","As a developer I want the React build served by nginx in a container.","3","Medium","2","QD Sprint 2","frontend,docker","To Do"
"23","Story","docker-compose for the full stack","As a developer I want one command to start database, backend, frontend and monitoring.","4","High","5","QD Sprint 3","docker","To Do"
"24","Story","Healthchecks and environment config","As an operator I want healthchecks and env-based configuration so that services start in the right order.","4","Medium","2","QD Sprint 3","docker","To Do"
"25","Story","GitHub Actions CI workflow","As a team I want lint, test and build on every push and pull request.","5","High","5","QD Sprint 4","cicd,github-actions","To Do"
"26","Story","Release branch and release workflow","As a team I want pushes to the release branch to build and publish Docker images to GHCR.","5","High","3","QD Sprint 4","cicd,github-actions","To Do"
"27","Story","Run Jenkins in Docker","As a team I want a Jenkins server in docker-compose with the Docker CLI available.","5","High","5","QD Sprint 4","cicd,jenkins","To Do"
"28","Story","Jenkinsfile deploy pipeline","As a team I want a Jenkins pipeline that checks out, builds, deploys with compose and smoke tests the app.","5","High","5","QD Sprint 4","cicd,jenkins","To Do"
"29","Story","Expose Prometheus metrics from the API","As an operator I want a /metrics endpoint so that request rate and latency can be scraped.","6","High","2","QD Sprint 5","monitoring,backend","To Do"
"30","Story","Prometheus scrape configuration","As an operator I want Prometheus scraping the backend every 5 seconds.","6","High","3","QD Sprint 5","monitoring","To Do"
"31","Story","Grafana dashboard","As an operator I want a provisioned dashboard showing request rate, latency and error count.","6","High","5","QD Sprint 5","monitoring","To Do"
"32","Story","Final documentation and demo","As a team I want the README to explain setup and usage so that the project can be demonstrated.","6","Medium","2","QD Sprint 5","docs","To Do"
